<BackupInst xmlns="http://www.microsoft.com/GroupPolicy/GPOOperations/Manifest"><GPOGuid><![CDATA[{d1ef700b-09c8-41c9-aa03-33e094a3fb67}]]></GPOGuid><GPODomain><![CDATA[default.libvirt]]></GPODomain><GPODomainGuid><![CDATA[{012cd85f-2028-472a-86dd-4f5bf65348d4}]]></GPODomainGuid><GPODomainController><![CDATA[server-1.default.libvirt]]></GPODomainController><BackupTime><![CDATA[2025-03-11T19:27:13]]></BackupTime><ID><![CDATA[{74E1F3B3-5750-495F-837A-8CFBC13E9265}]]></ID><Comment><![CDATA[]]></Comment><GPODisplayName><![CDATA[enable-remote-desktop]]></GPODisplayName></BackupInst>
