<BackupInst xmlns="http://www.microsoft.com/GroupPolicy/GPOOperations/Manifest"><GPOGuid><![CDATA[{d1ef700b-09c8-41c9-aa03-33e094a3fb67}]]></GPOGuid><GPODomain><![CDATA[default.libvirt]]></GPODomain><GPODomainGuid><![CDATA[{012cd85f-2028-472a-86dd-4f5bf65348d4}]]></GPODomainGuid><GPODomainController><![CDATA[server-1.default.libvirt]]></GPODomainController><BackupTime><![CDATA[2025-03-12T12:26:57]]></BackupTime><ID><![CDATA[{967A8520-185E-4B31-894B-B6B8B22DBD73}]]></ID><Comment><![CDATA[]]></Comment><GPODisplayName><![CDATA[enable-remote-desktop]]></GPODisplayName></BackupInst>
