<Backups xmlns="http://www.microsoft.com/GroupPolicy/GPOOperations/Manifest" xmlns:mfst="http://www.microsoft.com/GroupPolicy/GPOOperations/Manifest" mfst:version="1.0"><BackupInst><GPOGuid><![CDATA[{be144625-f3f6-4e55-9b21-be23ee90bfbb}]]></GPOGuid><GPODomain><![CDATA[default.libvirt]]></GPODomain><GPODomainGuid><![CDATA[{012cd85f-2028-472a-86dd-4f5bf65348d4}]]></GPODomainGuid><GPODomainController><![CDATA[server-1.default.libvirt]]></GPODomainController><BackupTime><![CDATA[2025-03-11T19:27:09]]></BackupTime><ID><![CDATA[{C99E3256-9AC4-4364-BD36-7924281C85C8}]]></ID><Comment><![CDATA[]]></Comment><GPODisplayName><![CDATA[enable-folder-redirection]]></GPODisplayName></BackupInst></Backups>