<Backups xmlns="http://www.microsoft.com/GroupPolicy/GPOOperations/Manifest" xmlns:mfst="http://www.microsoft.com/GroupPolicy/GPOOperations/Manifest" mfst:version="1.0"><BackupInst><GPOGuid><![CDATA[{be144625-f3f6-4e55-9b21-be23ee90bfbb}]]></GPOGuid><GPODomain><![CDATA[default.libvirt]]></GPODomain><GPODomainGuid><![CDATA[{012cd85f-2028-472a-86dd-4f5bf65348d4}]]></GPODomainGuid><GPODomainController><![CDATA[server-1.default.libvirt]]></GPODomainController><BackupTime><![CDATA[2025-03-12T12:26:52]]></BackupTime><ID><![CDATA[{0B80347D-6120-44AA-98AD-8D802DACF6CC}]]></ID><Comment><![CDATA[]]></Comment><GPODisplayName><![CDATA[enable-folder-redirection]]></GPODisplayName></BackupInst></Backups>