<?xml version="1.0" encoding="utf-8"?><!-- Copyright (c) Microsoft Corporation.  All rights reserved. --><GroupPolicyBackupScheme bkp:version="2.0" bkp:type="GroupPolicyBackupTemplate" xmlns:bkp="http://www.microsoft.com/GroupPolicy/GPOOperations" xmlns="http://www.microsoft.com/GroupPolicy/GPOOperations">
    <GroupPolicyObject><SecurityGroups><Group bkp:Source="FromDACL"><Sid><![CDATA[S-1-5-21-675114110-971807346-434282058-519]]></Sid><SamAccountName><![CDATA[Enterprise Admins]]></SamAccountName><Type><![CDATA[UniversalGroup]]></Type><NetBIOSDomainName><![CDATA[DEFAULT]]></NetBIOSDomainName><DnsDomainName><![CDATA[default.libvirt]]></DnsDomainName><UPN><![CDATA[Enterprise Admins@default.libvirt]]></UPN></Group><Group bkp:Source="FromDACL"><Sid><![CDATA[S-1-5-21-675114110-971807346-434282058-512]]></Sid><SamAccountName><![CDATA[Domain Admins]]></SamAccountName><Type><![CDATA[GlobalGroup]]></Type><NetBIOSDomainName><![CDATA[DEFAULT]]></NetBIOSDomainName><DnsDomainName><![CDATA[default.libvirt]]></DnsDomainName><UPN><![CDATA[Domain Admins@default.libvirt]]></UPN></Group><Group bkp:Source="FromDACL"><Sid><![CDATA[S-1-5-21-675114110-971807346-434282058-1108]]></Sid><SamAccountName><![CDATA[Roaming Users]]></SamAccountName><Type><![CDATA[GlobalGroup]]></Type><NetBIOSDomainName><![CDATA[DEFAULT]]></NetBIOSDomainName><DnsDomainName><![CDATA[default.libvirt]]></DnsDomainName><UPN><![CDATA[Roaming Users@default.libvirt]]></UPN></Group></SecurityGroups><FilePaths/><GroupPolicyCoreSettings><ID><![CDATA[{be144625-f3f6-4e55-9b21-be23ee90bfbb}]]></ID><Domain><![CDATA[default.libvirt]]></Domain><SecurityDescriptor>01 00 04 9c 00 00 00 00 00 00 00 00 00 00 00 00 14 00 00 00 04 00 20 01 09 00 00 00 05 02 38 00 00 01 00 00 01 00 00 00 8f fd ac ed b3 ff d1 11 b4 1d 00 a0 c9 68 f9 39 01 05 00 00 00 00 00 05 15 00 00 00 7e 6c 3d 28 72 9a ec 39 4a 9e e2 19 54 04 00 00 00 00 24 00 ff 00 0f 00 01 05 00 00 00 00 00 05 15 00 00 00 7e 6c 3d 28 72 9a ec 39 4a 9e e2 19 00 02 00 00 00 02 24 00 14 00 02 00 01 05 00 00 00 00 00 05 15 00 00 00 7e 6c 3d 28 72 9a ec 39 4a 9e e2 19 54 04 00 00 00 02 24 00 ff 00 0f 00 01 05 00 00 00 00 00 05 15 00 00 00 7e 6c 3d 28 72 9a ec 39 4a 9e e2 19 00 02 00 00 00 02 24 00 ff 00 0f 00 01 05 00 00 00 00 00 05 15 00 00 00 7e 6c 3d 28 72 9a ec 39 4a 9e e2 19 07 02 00 00 00 02 14 00 14 00 02 00 01 01 00 00 00 00 00 05 0b 00 00 00 00 02 14 00 94 00 02 00 01 01 00 00 00 00 00 05 09 00 00 00 00 02 14 00 ff 00 0f 00 01 01 00 00 00 00 00 05 12 00 00 00 00 0a 14 00 ff 00 0f 00 01 01 00 00 00 00 00 03 00 00 00 00</SecurityDescriptor><DisplayName><![CDATA[enable-folder-redirection]]></DisplayName><Options><![CDATA[0]]></Options><UserVersionNumber><![CDATA[3145776]]></UserVersionNumber><MachineVersionNumber><![CDATA[0]]></MachineVersionNumber><MachineExtensionGuids/><UserExtensionGuids><![CDATA[[{25537BA6-77A8-11D2-9B6C-0000F8080861}{88E729D6-BDC1-11D1-BD2A-00C04FB9603F}]]]></UserExtensionGuids><WMIFilter/></GroupPolicyCoreSettings> 
        <GroupPolicyExtension bkp:ID="{35378EAC-683F-11D2-A89A-00C04FBBCFA2}" bkp:DescName="Registry">
            
            
            <FSObjectFile bkp:Path="%GPO_FSPATH%\Adm\*.*" bkp:SourceExpandedPath="\\server-1.default.libvirt\sysvol\default.libvirt\Policies\{be144625-f3f6-4e55-9b21-be23ee90bfbb}\Adm\*.*"/>
        </GroupPolicyExtension>
        
        <GroupPolicyExtension bkp:ID="{25537BA6-77A8-11D2-9B6C-0000F8080861}" bkp:DescName="Folder Redirection">
            <FSObjectFile bkp:Path="%GPO_USER_FSPATH%\Documents &amp; Settings\*" bkp:SourceExpandedPath="\\server-1.default.libvirt\sysvol\default.libvirt\Policies\{be144625-f3f6-4e55-9b21-be23ee90bfbb}\User\Documents &amp; Settings\*" bkp:ReEvaluateFunction="FRValidateSettings"><FSObjectFile bkp:Path="%GPO_USER_FSPATH%\Documents &amp; Settings\fdeploy1.ini" bkp:SourceExpandedPath="\\server-1.default.libvirt\sysvol\default.libvirt\Policies\{be144625-f3f6-4e55-9b21-be23ee90bfbb}\User\Documents &amp; Settings\fdeploy1.ini" bkp:Location="DomainSysvol\GPO\User\Documents &amp; Settings\fdeploy1.ini"/><FSObjectFile bkp:Path="%GPO_USER_FSPATH%\Documents &amp; Settings\fdeploy.ini" bkp:SourceExpandedPath="\\server-1.default.libvirt\sysvol\default.libvirt\Policies\{be144625-f3f6-4e55-9b21-be23ee90bfbb}\User\Documents &amp; Settings\fdeploy.ini" bkp:Location="DomainSysvol\GPO\User\Documents &amp; Settings\fdeploy.ini"/></FSObjectFile>
        </GroupPolicyExtension>
        
        
        
        
        
        
        
    <GroupPolicyExtension bkp:ID="{F15C46CD-82A0-4C2D-A210-5D0D3182A418}" bkp:DescName="Unknown Extension"><FSObjectDir bkp:Path="%GPO_USER_FSPATH%\Documents &amp; Settings" bkp:SourceExpandedPath="\\server-1.default.libvirt\sysvol\default.libvirt\Policies\{be144625-f3f6-4e55-9b21-be23ee90bfbb}\User\Documents &amp; Settings" bkp:Location="DomainSysvol\GPO\User\Documents &amp; Settings"/><FSObjectDir bkp:Path="%GPO_USER_FSPATH%\Scripts" bkp:SourceExpandedPath="\\server-1.default.libvirt\sysvol\default.libvirt\Policies\{be144625-f3f6-4e55-9b21-be23ee90bfbb}\User\Scripts" bkp:Location="DomainSysvol\GPO\User\Scripts"/><FSObjectDir bkp:Path="%GPO_USER_FSPATH%\Scripts\Logoff" bkp:SourceExpandedPath="\\server-1.default.libvirt\sysvol\default.libvirt\Policies\{be144625-f3f6-4e55-9b21-be23ee90bfbb}\User\Scripts\Logoff" bkp:Location="DomainSysvol\GPO\User\Scripts\Logoff"/><FSObjectDir bkp:Path="%GPO_USER_FSPATH%\Scripts\Logon" bkp:SourceExpandedPath="\\server-1.default.libvirt\sysvol\default.libvirt\Policies\{be144625-f3f6-4e55-9b21-be23ee90bfbb}\User\Scripts\Logon" bkp:Location="DomainSysvol\GPO\User\Scripts\Logon"/></GroupPolicyExtension></GroupPolicyObject>
</GroupPolicyBackupScheme>